<?xml version="1.0" encoding="UTF-8" standalone="yes"?>
<addon id="repository.tvdude" name="TVDude Addon Repository" version="1.0.0" provider-name="TVDude">
    <extension point="xbmc.addon.repository" name="TVDude Addon Repository">
    <dir>
	<info compressed="false">https://offshoregit.com/tvaresolvers/tva-common-repository/raw/master/addons.xml</info>
	<checksum>https://offshoregit.com/tvaresolvers/tva-common-repository/raw/master/addons.xml.md5</checksum>
	<datadir zip="true">https://offshoregit.com/tvaresolvers/tva-common-repository/raw/master/zips/</datadir>
    </dir>
        <info compressed="false">https://raw.githubusercontent.com/JustMev/foodtubeporn/master/addons.xml?token=AOJJ0k3Yq6KeiHpo1zsBV1P347t-JBt_ks5YLqYjwA%3D%3D</info>
        <checksum>https://raw.githubusercontent.com/JustMev/foodtubeporn/master/addons.xml.md5?token=AOJJ0qQvLh7y8-3YN0ivWN_v9ME2hLqqks5YLqImwA%3D%3D</checksum>
        <datadir zip="true">https://raw.github.com/justmev/foodtubeporn/master/zips</datadir>
    </extension>
    <extension point="xbmc.addon.metadata">
        <summary>Install My Addon</summary>
        <description>Download and install addon from TVDude!</description>
        <platform>all</platform>
    </extension>
</addon>