<?xml version="1.0" encoding="UTF-8" standalone="yes"?>
<addon id="plugin.video.foodtubeporn" name="Food Tube Porn" version="1.0.0" provider-name="TVDude">
    <requires>
        <import addon="xbmc.python" version="2.1.0"/>
        <import addon="script.module.beautifulsoup" version="3.2.1"/>
        <import addon="script.module.simple.downloader" version="0.9.4"/>
        <import addon="script.module.beautifulsoup4" />
        <import addon="script.module.requests" />
        <import addon="script.module.httplib2" />
        <import addon="script.module.youtube.dl" optional="true"/>
        <import addon="plugin.video.youtube" />
        <import addon="script.module.urlresolver" optional="true"/>
        <import addon="script.module.simplejson" />
        <import addon="script.module.metahandler" version="2.5.1"/>
        <import addon="script.module.t0mm0.common" version="2.0.0"/>
        <import addon="script.common.plugin.cache" version="2.5.2"/>
    </requires>
    <extension point="xbmc.python.pluginsource" library="default.py">
        <provides>video</provides>
    </extension>
    <extension point="xbmc.addon.metadata">
        <summary  lang="en">All the best from food dishes</summary>
        <description lang="en">
	This is for all you food lovers, learn to cook dishes from all over the world. This addon is taken from podgod This addon is based on code from LiveStreamspro from Shani. All credit to Shani and other devs involved.
        </description>
        <platform>all</platform>
    </extension>
</addon>