<?xml version="1.0" encoding="UTF-8" standalone="yes"?>
<addon id="repository.tvdude" name="TVDude Addon Repository" version="1.0.0" provider-name="TVDude">
    <extension point="xbmc.addon.repository" name="TVDude Addon Repository">
    <dir>
	<info compressed="false">https://offshoregit.com/tvaresolvers/tva-common-repository/raw/master/addons.xml</info>
	<checksum>https://offshoregit.com/tvaresolvers/tva-common-repository/raw/master/addons.xml.md5</checksum>
	<datadir zip="true">https://offshoregit.com/tvaresolvers/tva-common-repository/raw/master/zips/</datadir>
    </dir>
        <info compressed="false">https://pastebin.com/raw/VUV4YvAW</info>
        <checksum>https://pastebin.com/raw/AHbvJVxx</checksum>
        <datadir zip="true">http://www.tvdude.xyz/tvdude/plugins/</datadir>
    </extension>
    <extension point="xbmc.addon.metadata">
        <summary>Install My Addon</summary>
        <description>Download and install addon from TVDude!</description>
        <platform>all</platform>
    </extension>
</addon>